2026-01-01,26001,8,3,0
2026-01-02,26002,6,8,9
2026-01-03,26003,0,8,6
2026-01-04,26004,8,7,8
2026-01-05,26005,0,6,1
2026-01-06,26006,7,1,8
2026-01-07,26007,1,2,6
2026-01-08,26008,5,0,9
2026-01-09,26009,2,4,8
2026-01-10,26010,9,2,0
2026-01-11,26011,0,3,0
2026-01-12,26012,5,2,2
2026-01-13,26013,4,7,7
2026-01-14,26014,8,3,3
2026-01-15,26015,2,0,2
2026-01-16,26016,2,1,5
2026-01-17,26017,1,1,2
2026-01-18,26018,8,9,6
2026-01-19,26019,8,4,8
2026-01-20,26020,0,9,5
2026-01-21,26021,2,6,3
2026-01-22,26022,2,5,5
2026-01-23,26023,4,9,5
2026-01-24,26024,2,6,8
2026-01-25,26025,1,8,1
2026-01-26,26026,2,9,1
2026-01-27,26027,0,8,4
2026-01-28,26028,4,9,9
2026-01-29,26029,6,1,3
2026-01-30,26030,8,1,1
2026-01-31,26031,7,8,6
2026-02-01,26032,7,3,0
2026-02-02,26033,1,4,1
2026-02-03,26034,2,1,6
2026-02-04,26035,7,1,7
2026-02-05,26036,7,8,8
2026-02-06,26037,7,2,4
2026-02-07,26038,7,8,9
2026-02-08,26039,8,5,2
2026-02-09,26040,0,0,9
2026-02-10,26041,6,3,9
2026-02-11,26042,7,9,5
2026-02-12,26043,1,7,9
2026-02-13,26044,0,5,1
2026-02-24,26045,1,4,4
2026-02-25,26046,7,0,3
2026-02-26,26047,3,3,0
2026-02-27,26048,0,9,7
2026-02-28,26049,5,9,2
2026-03-01,26050,4,3,5
2026-03-02,26051,0,4,5
2026-03-03,26052,6,4,9
2026-03-04,26053,7,4,4
2026-03-05,26054,6,5,5
2026-03-06,26055,5,3,7
2026-03-07,26056,1,1,9
2026-03-08,26057,4,7,9
2026-03-09,26058,5,9,0
2026-03-10,26059,2,0,9
2026-03-11,26060,1,1,8
2026-03-12,26061,3,4,7
2026-03-13,26062,3,1,5
2026-03-14,26063,7,2,3
2026-03-15,26064,5,2,8
2026-03-16,26065,8,5,1
2026-03-17,26066,8,0,7
2026-03-18,26067,4,2,8
2026-03-19,26068,8,4,0
2026-03-20,26069,1,1,4
2026-03-21,26070,1,3,1
2026-03-22,26071,5,5,1
2026-03-23,26072,1,1,5
2026-03-24,26073,3,2,5
2026-03-25,26074,4,0,6
2026-03-26,26075,4,3,7
2026-03-27,26076,4,1,9
2026-03-28,26077,7,8,0
2026-03-29,26078,6,3,4
2026-03-30,26079,1,9,5
2026-03-31,26080,7,7,0
2026-04-01,26081,6,9,0
2026-04-02,26082,0,4,8
2026-04-03,26083,9,0,3
2026-04-04,26084,0,0,4
2026-04-05,26085,0,2,0
2026-04-06,26086,3,3,4
2026-04-07,26087,0,7,0
2026-04-08,26088,4,7,4
2026-04-09,26089,2,1,6
2026-04-10,26090,9,5,4
2026-04-11,26091,2,0,2
2026-04-12,26092,7,6,1
2026-04-13,26093,9,9,8
2026-04-14,26094,9,3,8
2026-04-15,26095,5,6,8
2026-04-16,26096,6,4,3
2026-04-17,26097,2,2,6
2026-04-18,26098,9,7,4
2026-04-19,26099,4,2,4
2026-04-20,26100,2,0,7
2026-04-21,26101,0,9,0
2026-04-22,26102,4,9,0
2026-04-23,26103,9,0,1
2026-04-24,26104,7,8,6
2026-04-25,26105,2,1,7
2026-04-26,26106,3,4,3
2026-04-27,26107,1,5,4
2026-04-28,26108,6,5,6
2026-04-29,26109,0,8,8
2026-04-30,26110,3,4,3
2026-05-01,26111,8,7,7
2026-05-02,26112,6,5,2
2026-05-03,26113,9,2,5
2026-05-04,26114,0,1,7
2026-05-05,26115,3,3,3
2026-05-06,26116,9,5,1
2026-05-07,26117,0,9,1
2026-05-08,26118,2,7,2
2026-05-09,26119,2,2,2
2026-05-10,26120,2,9,6
2026-05-11,26121,0,4,0
2026-05-12,26122,7,4,7
2026-05-13,26123,9,5,5
2026-05-14,26124,7,8,5
2026-05-15,26125,8,6,7
2026-05-16,26126,8,3,5
2026-05-17,26127,9,3,6
2026-05-18,26128,5,1,2
2026-05-19,26129,6,8,3
2026-05-20,26130,0,7,0
2026-05-21,26131,9,6,8
2026-05-22,26132,4,4,3
2026-05-23,26133,5,4,3
2026-05-24,26134,5,1,5
2026-05-25,26135,9,3,9
2026-05-26,26136,4,6,6
2026-05-27,26137,5,4,4
2026-05-28,26138,2,6,3
2026-05-29,26139,1,9,8
